name,gender,is_double
guadalupe,F,False
jose,M,False
sofia,F,False
angel,M,False
jesus,M,False
luis,M,False
maria,F,False
alejandro,M,False
gael,M,False
carlos,M,False
daniel,M,False
ana,F,False
mateo,M,False
alexander,M,False
santiago,M,False
ian,M,False
iker,M,False
juan,M,False
victoria,F,False
tadeo,M,False
valentina,F,False
liam,M,False
dylan,M,False
david,M,False
lia,F,False
axel,M,False
eduardo,M,False
antonio,M,False
isabella,F,False
mia,F,False
emiliano,M,False
fernanda,F,False
manuel,M,False
diego,M,False
alberto,M,False
alexa,F,False
renata,F,False
gabriel,M,False
camila,F,False
aitana,F,False
alan,M,False
nicole,F,False
matias,M,False
yamileth,F,False
regina,F,False
damian,M,False
ivan,M,False
alejandra,F,False
danna,F,False
emmanuel,M,False
miguel,M,False
fernando,M,False
emma,F,False
ximena,F,False
erick,M,False
yael,M,False
sebastian,M,False
francisco,M,False
adrian,M,False
alexis,M,False
leonardo,M,False
michelle,F,False
lucia,F,False
armando,M,False
valeria,F,False
javier,M,False
elizabeth,F,False
jorge,M,False
enrique,M,False
karla,F,False
emily,F,False
diana,F,False
isabel,F,False
paula,F,False
daniela,F,False
luisa,F,False
pablo,M,False
romina,F,False
victor,M,False
zoe,F,False
angela,F,False
andrea,F,False
esmeralda,F,False
belen,F,False
cristian,M,False
genesis,F,False
uriel,M,False
cesar,M,False
mario,M,False
felipe,M,False
laura,F,False
evelyn,F,False
alfredo,M,False
elena,F,False
paola,F,False
rosa,F,False
melany,F,False
roberto,M,False
emilio,M,False
estrella,F,False
melanie,F,False
rodrigo,M,False
jonathan,M,False
andres,M,False
melissa,F,False
mariana,F,False
isaac,M,False
dayana,F,False
ariana,F,False
frida,F,False
ricardo,M,False
ivanna,F,False
itzel,F,False
fatima,F,False
sara,F,False
ramon,M,False
aranza,F,False
milagros,F,False
dilan,M,False
dulce,F,False
martin,M,False
julian,M,False
jimena,F,False
emilia,F,False
said,M,False
rafael,M,False
emanuel,M,False
elian,M,False
elias,M,False
hanna,F,False
samantha,F,False
teresa,F,False
kevin,M,False
kimberly,F,False
abraham,M,False
luna,F,False
yahir,M,False
brenda,F,False
alison,F,False
alisson,F,False
leilany,F,False
natalia,F,False
yaretzi,F,False
allison,F,False
alonso,M,False
aylin,F,False
alondra,F,False
nicolas,M,False
ashley,F,False
arturo,M,False
zaid,M,False
luz,F,False
abigail,F,False
kenia,F,False
magdalena,F,False
cristina,F,False
julio,M,False
ines,F,False
karen,F,False
gerardo,M,False
oscar,M,False
gabriela,F,False
abril,F,False
hugo,M,False
naomi,F,False
alexandra,F,False
meredith,F,False
montserrat,F,False
melisa,F,False
mila,F,False
monserrat,F,False
nahomi,F,False
monica,F,False
moises,M,False
nathan,M,False
nathaly,F,False
nancy,F,False
nathalia,F,False
alfonso,M,False
micaela,F,False
miranda,F,False
misael,M,False
nataly,F,False
monserrath,F,False
nahomy,F,False
alexia,F,False
miriam,F,False
natanael,M,False
arleth,F,False
melina,F,False
melani,F,False
alicia,F,False
margarita,F,False
marcos,M,False
marco,M,False
marcelo,M,False
marcela,F,False
manuela,F,False
alina,F,False
maite,F,False
mailen,F,False
magaly,F,False
magali,F,False
madison,F,False
lucio,M,False
luciano,M,False
luciana,F,False
lucero,F,False
lucas,M,False
luca,M,False
lorenzo,M,False
lorena,F,False
marian,F,False
mariano,M,False
martina,F,False
mayte,F,False
mayra,F,False
maximo,M,False
maximiliano,M,False
mauro,M,False
mauricio,M,False
matteo,M,False
mathias,M,False
alice,F,False
martha,F,False
maribel,F,False
marlene,F,False
marlen,F,False
maritza,F,False
marisol,F,False
marina,F,False
mariela,F,False
mariel,F,False
maricruz,F,False
maricela,F,False
nayeli,F,False
alessa,F,False
nicol,F,False
saori,F,False
vanesa,F,False
adilene,F,False
adolfo,M,False
valentin,M,False
ulises,M,False
tomas,M,False
thiago,M,False
tania,F,False
tamara,F,False
adriana,F,False
susana,F,False
stephanie,F,False
sophia,F,False
adriel,M,False
silvia,F,False
silvana,F,False
sherlyn,F,False
sergio,M,False
agustin,M,False
scarlett,F,False
saul,M,False
sarai,F,False
sarahi,F,False
vanessa,F,False
vania,F,False
veronica,F,False
yaneli,F,False
yuridia,F,False
yulissa,F,False
yuliana,F,False
yoselin,F,False
yolanda,F,False
yesenia,F,False
yazmin,F,False
yatziri,F,False
yaritza,F,False
yareli,F,False
abel,M,False
vianey,F,False
yamilet,F,False
yair,M,False
xiomara,F,False
william,M,False
wendy,F,False
viridiana,F,False
virginia,F,False
violeta,F,False
adan,M,False
vicente,M,False
sarah,F,False
ailyn,F,False
alex,M,False
sandra,F,False
quetzaly,F,False
quetzalli,F,False
priscila,F,False
perla,F,False
pedro,M,False
paulina,F,False
paulette,F,False
lizeth,F,False
patricio,M,False
patricia,F,False
pamela,F,False
paloma,F,False
alessandra,F,False
oswaldo,M,False
osvaldo,M,False
orlando,M,False
omar,M,False
olivia,F,False
oliver,M,False
octavio,M,False
noemi,F,False
noe,M,False
noah,M,False
ramiro,M,False
raquel,F,False
raul,M,False
ainhoa,F,False
samuel,M,False
samara,F,False
samanta,F,False
salvador,M,False
ruth,F,False
rubi,F,False
ruben,M,False
roxana,F,False
rosario,F,False
rosalinda,F,False
roman,M,False
rebeca,F,False
rolando,M,False
rogelio,M,False
rodolfo,M,False
rocio,F,False
roberta,F,False
rigoberto,M,False
reyna,F,False
rene,M,False
aldair,M,False
aldo,M,False
logan,M,False
katherine,F,False
lizbeth,F,False
anna,F,False
antonella,F,False
eliza,F,False
eliseo,M,False
elisa,F,False
eliel,M,False
eleazar,M,False
eithan,M,False
efrain,M,False
edwin,M,False
antonia,F,False
edith,F,False
edgar,M,False
eder,M,False
araceli,F,False
dominic,M,False
arantza,F,False
derek,M,False
denisse,F,False
daylin,F,False
areli,F,False
dario,M,False
dariel,M,False
dariana,F,False
anthony,M,False
emir,M,False
arely,F,False
angelina,F,False
andre,M,False
francisca,F,False
fidel,M,False
felix,M,False
fabiola,F,False
fabian,M,False
ezequiel,M,False
evelin,F,False
evan,M,False
eva,F,False
ethan,M,False
esther,F,False
estela,F,False
estefany,F,False
estefania,F,False
estefani,F,False
esteban,M,False
esperanza,F,False
ernesto,M,False
erika,F,False
erik,M,False
angeles,F,False
angelica,F,False
dante,M,False
danilo,M,False
liliana,F,False
camilo,M,False
caleb,M,False
bryan,M,False
bruno,M,False
brittany,F,False
britany,F,False
brianna,F,False
briana,F,False
brayan,M,False
braulio,M,False
brandon,M,False
bernardo,M,False
berenice,F,False
benjamin,M,False
belinda,F,False
beatriz,F,False
barbara,F,False
azul,F,False
azucena,F,False
azael,M,False
arisbeth,F,False
aurora,F,False
astrid,F,False
arlet,F,False
ariel,M,False
carla,F,False
ariadna,F,False
arianna,F,False
ariadne,F,False
dania,F,False
danae,F,False
damaris,F,False
dalia,F,False
daleyza,F,False
dafne,F,False
cynthia,F,False
cristopher,M,False
cristofer,M,False
cristobal,M,False
cristal,F,False
constanza,F,False
claudia,F,False
citlali,F,False
christopher,M,False
christian,M,False
celeste,F,False
cecilia,F,False
catalina,F,False
cataleya,F,False
carolina,F,False
carmen,F,False
franco,M,False
ander,M,False
gadiel,M,False
judith,F,False
amairani,F,False
josue,M,False
joshua,M,False
joselyn,F,False
joselin,F,False
josefina,F,False
amairany,F,False
amalia,F,False
jordan,M,False
johanna,F,False
johana,F,False
johan,M,False
joel,M,False
jocelyn,F,False
joaquin,M,False
joan,M,False
amanda,F,False
jessica,F,False
jeronimo,M,False
jeremy,M,False
jennifer,F,False
jazmin,F,False
juana,F,False
julia,F,False
anayeli,F,False
juliana,F,False
lidia,F,False
lian,M,False
leticia,F,False
lesly,F,False
leslie,F,False
leonel,M,False
alvaro,M,False
leon,M,False
leo,M,False
leilani,F,False
leandro,M,False
leah,F,False
keyla,F,False
kendra,F,False
keily,F,False
katia,F,False
arlette,F,False
amaia,F,False
karina,F,False
karime,F,False
kailani,F,False
julissa,F,False
julieta,F,False
jaziel,M,False
abdiel,M,False
jared,M,False
jaqueline,F,False
hernan,M,False
heriberto,M,False
henry,M,False
helena,F,False
hector,M,False
hannia,F,False
hannah,F,False
gustavo,M,False
guillermo,M,False
anahi,F,False
griselda,F,False
grettel,F,False
grecia,F,False
gonzalo,M,False
gloria,F,False
giselle,F,False
giovanni,M,False
gilberto,M,False
gianna,F,False
german,M,False
geraldine,F,False
georgina,F,False
galilea,F,False
humberto,M,False
america,F,False
ignacio,M,False
isidro,M,False
janeth,F,False
jaime,M,False
jade,F,False
jacqueline,F,False
jacob,M,False
ivana,F,False
amaya,F,False
itzayana,F,False
israel,M,False
ismael,M,False
isela,F,False
amelia,F,False
isaias,M,False
isai,M,False
amayrani,F,False
isabela,F,False
ambar,F,False
irving,M,False
irma,F,False
irina,F,False
irene,F,False
ingrid,F,False
aaron,M,False
jose guadalupe,M,True
jose maria,M,True
maria guadalupe,F,True
maria jose,F,True
